name,slug,topicId,id,widgets.article_product_key.body.product,widgets.article_product_key.body.marketing_subsc
How do I connect Lead Flows to MailChimp?,articles/kcs_article/lead-flows/how-do-i-connect-lead-flows-to-mailchimp,4463961502,3506180069,HubSpot Sales and Marketing,All Subscriptions
How do I rename a Collected Form?,articles/kcs_article/collected-forms/how-do-i-rename-a-collected-form,4464094052,3506180174,HubSpot Sales and Marketing,All Subscriptions
How do I build an email autoresponder for Lead Flow or Collected Form submissions?,articles/kcs_article/collected-forms/how-do-i-build-an-email-autoresponder-for-lead-flow-or-collected-form-submissions,"4463961502, 4464094052",3506203424,HubSpot Sales and Marketing,All Subscriptions
How to add CSS selectors to Contact Form 7 forms,articles/kcs_article/collected-forms/how-to-add-css-selectors-to-contact-form-7-forms,4464094052,3506203454,HubSpot Sales and Marketing,All Subscriptions
How do I receive email notifications from Lead Flows?,articles/kcs_article/lead-flows/how-do-i-receive-email-notifications-from-lead-flows,4463961502,3506203564,HubSpot Sales and Marketing,All Subscriptions
How do I connect Lead Flows to Campaign Monitor?,articles/kcs_article/lead-flows/how-do-i-connect-lead-flows-to-campaign-monitor,4463961502,3541336906,HubSpot Sales and Marketing,All Subscriptions
How do I install the HubSpot tracking code on my Wix website?,articles/kcs_article/account/how-do-i-install-the-hubspot-tracking-code-on-my-wix-website,525559089,3541336911,HubSpot Sales and Marketing,All Subscriptions
How do I disable notifications for a collected form?,articles/kcs_article/collected-forms/how-do-i-disable-notifications-for-a-collected-form,4464094052,3541336936,HubSpot Sales and Marketing,All Subscriptions
How do I translate the Lead Flow form?,articles/kcs_article/lead-flows/how-do-i-translate-the-lead-flow-form,4463961502,3541341041,HubSpot Sales and Marketing,All Subscriptions
Why do I not see my forms in the Collected Forms tool?,articles/kcs_article/collected-forms/why-do-i-not-see-my-forms-in-collected-forms-tool,4464094052,3541341056,HubSpot Sales and Marketing,All Subscriptions
How to use HubSpot with Fast Secure Contact Form,articles/kcs_article/collected-forms/how-to-use-hubspot-with-fast-secure-contact-form,4464094052,3541341126,HubSpot Sales and Marketing,All Subscriptions
How do I connect Lead Flows to AWeber?,articles/kcs_article/lead-flows/how-do-i-connect-lead-flows-to-aweber,4463961502,3565756078,HubSpot Sales and Marketing,All Subscriptions
How do I connect Lead Flows to GetResponse?,articles/kcs_article/lead-flows/how-do-i-connect-lead-flows-to-getresponse,4463961502,3565756083,HubSpot Sales and Marketing,All Subscriptions
Frequently Asked Questions for Lead Flows and Collected Forms,articles/kcs_article/collected-forms/frequently-asked-questions-for-lead-flows-and-collected-forms,"4463961502, 4464094052",3565791068,HubSpot Sales and Marketing,All Subscriptions
How do I install the HubSpot tracking code on my Unbounce website?,articles/kcs_article/account/how-do-i-install-the-hubspot-tracking-code-on-my-unbounce-website,525559089,3565808398,HubSpot Sales and Marketing,All Subscriptions
How do I install the HubSpot tracking code on my Magento website?,articles/kcs_article/account/how-do-i-install-the-hubspot-tracking-code-on-my-magento-website,525559089,3565808433,HubSpot Sales and Marketing,All Subscriptions
How do I clear my browser cookies if I am experiencing issues signing up?,articles/kcs_article/account/how-do-i-clear-my-browser-cookies-if-i-am-experiencing-issues-signing-up,525559089,3565808438,HubSpot Sales and Marketing,All Subscriptions
Why are my Contacts not pushing to MailChimp?,articles/kcs_article/collected-forms/why-are-my-contacts-not-pushing-to-mailchimp,"4463961502, 4464094052",3572911672,HubSpot Sales and Marketing,All Subscriptions
How do I install the HubSpot tracking code on my Squarespace website?,articles/kcs_article/account/how-do-i-install-the-hubspot-tracking-code-on-my-squarespace-website,525559089,3572911677,HubSpot Sales and Marketing,All Subscriptions
How do I know what the CSS selector of my form is?,articles/kcs_article/collected-forms/how-do-i-know-what-the-css-selector-of-my-form-is,4464094052,3572911682,HubSpot Sales and Marketing,All Subscriptions
Why did the Collected Forms tool flag my form submission?,articles/kcs_article/collected-forms/why-did-the-collected-forms-tool-flag-my-form-submission,4464094052,3661418797,HubSpot Sales and Marketing,All Subscriptions
How do I connect Lead Flows to Constant Contact?,articles/kcs_article/lead-flows/how-do-i-connect-lead-flows-to-constant-contact,4463961502,3701213965,HubSpot Sales and Marketing,All Subscriptions
How do I use the Collected Forms tool?,articles/kcs_article/collected-forms/collected-forms,4464094052,3701213980,HubSpot Sales and Marketing,All Subscriptions
How do I add the HubSpot tracking code to Google Tag Manager?,articles/kcs_article/account/how-do-i-add-the-hubspot-tracking-code-to-google-tag-manager,525559089,3701236515,HubSpot Sales and Marketing,All Subscriptions
How do I install the HubSpot tracking code on my Joomla website?,articles/kcs_article/account/how-do-i-install-the-hubspot-tracking-code-on-my-joomla-website,525559089,3701236530,HubSpot Sales and Marketing,All Subscriptions
How do I install the HubSpot tracking code on my Drupal website?,articles/kcs_article/account/how-do-i-install-the-hubspot-tracking-code-on-my-drupal-website,525559089,3701236535,HubSpot Sales and Marketing,All Subscriptions
How do Collected Forms capture form submissions?,articles/kcs_article/collected-forms/how-do-collected-forms-capture-form-submissions,4464094052,3701236550,HubSpot Sales and Marketing,All Subscriptions
How does HubSpot Track Visitors?,articles/kcs_article/account/how-does-hubspot-track-visitors,525559089,3701236565,HubSpot Sales and Marketing,All Subscriptions
How do I install the HubSpot Tracking Code on my Blogger Website?,articles/kcs_article/account/how-do-i-install-the-hubspot-tracking-code-on-my-blogger-website,525559089,3839194990,HubSpot Sales and Marketing,All Subscriptions
How do I install the HubSpot tracking code on my GoDaddy website?,articles/kcs_article/account/how-do-i-install-the-hubspot-tracking-code-on-my-godaddy-website,525559089,3960114826,HubSpot Sales and Marketing,All Subscriptions
How do I install the HubSpot tracking code on my Weebly website?,articles/kcs_article/account/how-do-i-install-the-hubspot-tracking-code-on-my-weebly-website,525559089,4019261025,HubSpot Sales and Marketing,All Subscriptions
How do I edit my lead flow?,articles/kcs_article/lead-flows/how-do-i-edit-my-lead-flow,4463961502,4075976754,HubSpot Sales and Marketing,All Subscriptions
WordPress plugin - Tracking Code only,articles/kcs_article/account/wordpress-plugin-tracking-code-only,525559089,4103155024,HubSpot Sales and Marketing,All Subscriptions
The Lead Flows Dashboard,articles/kcs_article/lead-flows/lead-flows-dashboard,4463961502,4218570153,HubSpot Sales and Marketing,All Subscriptions
How do I install the HubSpot tracking code on my Placester website?,articles/kcs_article/account/how-do-i-install-the-hubspot-tracking-code-on-my-placester-website,525559089,4238506523,HubSpot Sales and Marketing,All Subscriptions
Error running two HubSpot tracking codes,articles/kcs_article/account/error-two-hubspot-tracking-codes,525559089,4367818070,HubSpot Sales and Marketing,All Subscriptions
How do I install the HubSpot tracking code on my Shopify website?,articles/kcs_article/account/how-do-i-install-the-hubspot-tracking-code-on-my-shopify-website,525559089,4372879425,HubSpot Sales and Marketing,All Subscriptions