"name","slug","id","editLink"
"=hyperlink(""http://leadin.hubspot.com/knowledge/collected-forms"", ""How do I use the Collected Forms tool?"")","knowledge/collected-forms","3701213980","https://app.hubspot.com/content/[hubid]/edit-beta/3701213980"
"=hyperlink(""http://leadin.hubspot.com/knowledge/how-do-i-update-my-leadin-wordpress-plugin"", ""How do I update my Leadin WordPress plugin?"")","knowledge/how-do-i-update-my-leadin-wordpress-plugin","3705739690","https://app.hubspot.com/content/[hubid]/edit-beta/3705739690"
"=hyperlink(""http://leadin.hubspot.com/knowledge/how-do-i-install-leadin-on-my-wordpress-website"", ""How do I install Leadin on my WordPress website?"")","knowledge/how-do-i-install-leadin-on-my-wordpress-website","3701236510","https://app.hubspot.com/content/[hubid]/edit-beta/3701236510"
"=hyperlink(""http://leadin.hubspot.com/knowledge/how-do-i-receive-email-notifications-from-leadin"", ""How do I receive email notifications from Leadin?"")","knowledge/how-do-i-receive-email-notifications-from-leadin","3506203564","https://app.hubspot.com/content/[hubid]/edit-beta/3506203564"
"=hyperlink(""http://leadin.hubspot.com/knowledge/how-to-use-leadin-with-fast-secure-contact-form"", ""How to use Leadin with Fast Secure Contact Form"")","knowledge/how-to-use-leadin-with-fast-secure-contact-form","3541341126","https://app.hubspot.com/content/[hubid]/edit-beta/3541341126"
"=hyperlink(""http://leadin.hubspot.com/knowledge/how-to-add-css-selectors-to-contact-form-7-forms"", ""How to add CSS selectors to Contact Form 7 forms"")","knowledge/how-to-add-css-selectors-to-contact-form-7-forms","3506203454","https://app.hubspot.com/content/[hubid]/edit-beta/3506203454"
"=hyperlink(""http://leadin.hubspot.com/knowledge/how-do-i-delete-a-contact"", ""How do I delete a Contact?"")","knowledge/how-do-i-delete-a-contact","3506203439","https://app.hubspot.com/content/[hubid]/edit-beta/3506203439"
"=hyperlink(""http://leadin.hubspot.com/knowledge/how-do-i-export-my-contacts"", ""How do I export my Contacts?"")","knowledge/how-do-i-export-my-contacts","3565756073","https://app.hubspot.com/content/[hubid]/edit-beta/3565756073"
"=hyperlink(""http://leadin.hubspot.com/knowledge/why-cant-i-log-into-leadin"", ""Why can't I log into Leadin?"")","knowledge/why-cant-i-log-into-leadin","3701236485","https://app.hubspot.com/content/[hubid]/edit-beta/3701236485"
"=hyperlink(""http://leadin.hubspot.com/knowledge/how-do-i-build-an-email-autoresponder-in-leadin"", ""How do I build an email autoresponder in Leadin?"")","knowledge/how-do-i-build-an-email-autoresponder-in-leadin","3506203424","https://app.hubspot.com/content/[hubid]/edit-beta/3506203424"
"=hyperlink(""http://leadin.hubspot.com/knowledge/the-leadin-weekly-digest-email"", ""The Leadin Weekly Digest email"")","knowledge/the-leadin-weekly-digest-email","3701236495","https://app.hubspot.com/content/[hubid]/edit-beta/3701236495"
"=hyperlink(""http://leadin.hubspot.com/knowledge/how-does-leadin-categorise-the-source-of-a-contact"", ""How does Leadin categorise the source of a contact?"")","knowledge/how-does-leadin-categorise-the-source-of-a-contact","3541336901","https://app.hubspot.com/content/[hubid]/edit-beta/3541336901"
"=hyperlink(""http://leadin.hubspot.com/knowledge/how-do-i-connect-leadin-to-constant-contact"", ""How do I connect Leadin to Constant Contact?"")","knowledge/how-do-i-connect-leadin-to-constant-contact","3701213965","https://app.hubspot.com/content/[hubid]/edit-beta/3701213965"
"=hyperlink(""http://leadin.hubspot.com/knowledge/how-do-i-connect-leadin-to-getresponse"", ""How do I connect Leadin to GetResponse?"")","knowledge/how-do-i-connect-leadin-to-getresponse","3565756083","https://app.hubspot.com/content/[hubid]/edit-beta/3565756083"
"=hyperlink(""http://leadin.hubspot.com/knowledge/how-do-i-connect-leadin-to-aweber"", ""How do I connect Leadin to AWeber?"")","knowledge/how-do-i-connect-leadin-to-aweber","3565756078","https://app.hubspot.com/content/[hubid]/edit-beta/3565756078"
"=hyperlink(""http://leadin.hubspot.com/knowledge/how-do-i-connect-leadin-to-mailchimp"", ""How do I connect Leadin to MailChimp?"")","knowledge/how-do-i-connect-leadin-to-mailchimp","3506180069","https://app.hubspot.com/content/[hubid]/edit-beta/3506180069"
"=hyperlink(""http://leadin.hubspot.com/knowledge/why-are-my-contacts-not-pushing-to-mailchimp"", ""Why are my Contacts not pushing to MailChimp?"")","knowledge/why-are-my-contacts-not-pushing-to-mailchimp","3572911672","https://app.hubspot.com/content/[hubid]/edit-beta/3572911672"
"=hyperlink(""http://leadin.hubspot.com/knowledge/how-do-i-connect-leadin-to-campaign-monitor"", ""How do I connect Leadin to Campaign Monitor?"")","knowledge/how-do-i-connect-leadin-to-campaign-monitor","3541336906","https://app.hubspot.com/content/[hubid]/edit-beta/3541336906"
"=hyperlink(""http://leadin.hubspot.com/knowledge/how-do-i-add-the-leadin-tracking-code-to-google-tag-manager"", ""How do I add the Leadin tracking code to Google Tag Manager?"")","knowledge/how-do-i-add-the-leadin-tracking-code-to-google-tag-manager","3701236515","https://app.hubspot.com/content/[hubid]/edit-beta/3701236515"
"=hyperlink(""http://leadin.hubspot.com/knowledge/how-do-i-install-the-leadin-tracking-code-on-my-magento-website"", ""How do I install the Leadin tracking code on my Magento website?"")","knowledge/how-do-i-install-the-leadin-tracking-code-on-my-magento-website","3565808433","https://app.hubspot.com/content/[hubid]/edit-beta/3565808433"
"=hyperlink(""http://leadin.hubspot.com/knowledge/how-do-i-install-the-leadin-tracking-code-on-my-joomla-website"", ""How do I install the Leadin tracking code on my Joomla website?"")","knowledge/how-do-i-install-the-leadin-tracking-code-on-my-joomla-website","3701236530","https://app.hubspot.com/content/[hubid]/edit-beta/3701236530"
"=hyperlink(""http://leadin.hubspot.com/knowledge/how-do-i-install-the-leadin-tracking-code-on-my-drupal-website"", ""How do I install the Leadin tracking code on my Drupal website?"")","knowledge/how-do-i-install-the-leadin-tracking-code-on-my-drupal-website","3701236535","https://app.hubspot.com/content/[hubid]/edit-beta/3701236535"
"=hyperlink(""http://leadin.hubspot.com/knowledge/how-do-i-install-the-leadin-tracking-code-on-my-squarespace-website"", ""How do I install the Leadin tracking code on my Squarespace website?"")","knowledge/how-do-i-install-the-leadin-tracking-code-on-my-squarespace-website","3572911677","https://app.hubspot.com/content/[hubid]/edit-beta/3572911677"
"=hyperlink(""http://leadin.hubspot.com/knowledge/how-does-leadin-capture-form-submissions"", ""How does Leadin capture form submissions?"")","knowledge/how-does-leadin-capture-form-submissions","3701236550","https://app.hubspot.com/content/[hubid]/edit-beta/3701236550"
"=hyperlink(""http://leadin.hubspot.com/knowledge/how-do-i-disable-notifications-for-a-form-in-leadin"", ""How do I disable notifications for a form in Leadin?"")","knowledge/how-do-i-disable-notifications-for-a-form-in-leadin","3541336936","https://app.hubspot.com/content/[hubid]/edit-beta/3541336936"
"=hyperlink(""http://leadin.hubspot.com/knowledge/why-do-i-not-see-my-forms-in-leadin"", ""Why do I not see my forms in Leadin?"")","knowledge/why-do-i-not-see-my-forms-in-leadin","3541341056","https://app.hubspot.com/content/[hubid]/edit-beta/3541341056"
"=hyperlink(""http://leadin.hubspot.com/knowledge/why-does-my-contact-have-no-page-views"", ""Why does my contact have no page views?"")","knowledge/why-does-my-contact-have-no-page-views","3572907907","https://app.hubspot.com/content/[hubid]/edit-beta/3572907907"
"=hyperlink(""http://leadin.hubspot.com/knowledge/how-does-leadin-track-visitors"", ""How does Leadin Track Visitors?"")","knowledge/how-does-leadin-track-visitors","3701236565","https://app.hubspot.com/content/[hubid]/edit-beta/3701236565"
"=hyperlink(""http://leadin.hubspot.com/knowledge/how-do-i-install-the-leadin-tracking-code-on-my-unbounce-website"", ""How do I install the Leadin tracking code on my Unbounce website?"")","knowledge/how-do-i-install-the-leadin-tracking-code-on-my-unbounce-website","3565808398","https://app.hubspot.com/content/[hubid]/edit-beta/3565808398"
"=hyperlink(""http://leadin.hubspot.com/knowledge/how-do-i-install-the-leadin-tracking-code-on-my-wix-website"", ""How do I install the Leadin tracking code on my Wix website?"")","knowledge/how-do-i-install-the-leadin-tracking-code-on-my-wix-website","3541336911","https://app.hubspot.com/content/[hubid]/edit-beta/3541336911"
"=hyperlink(""http://leadin.hubspot.com/knowledge/how-do-i-install-the-leadin-tracking-code-on-my-website"", ""How do I install the Leadin tracking code on my website?"")","knowledge/how-do-i-install-the-leadin-tracking-code-on-my-website","3565791088","https://app.hubspot.com/content/[hubid]/edit-beta/3565791088"
"=hyperlink(""http://leadin.hubspot.com/knowledge/frequently-asked-questions"", ""Frequently Asked Questions"")","knowledge/frequently-asked-questions","3565791068","https://app.hubspot.com/content/[hubid]/edit-beta/3565791068"
"=hyperlink(""http://leadin.hubspot.com/knowledge/what-cookies-does-leadin-set-in-a-visitors-browser"", ""What cookies does Leadin set in a visitor's browser?"")","knowledge/what-cookies-does-leadin-set-in-a-visitors-browser","3541336896","https://app.hubspot.com/content/[hubid]/edit-beta/3541336896"
"=hyperlink(""http://leadin.hubspot.com/knowledge/how-do-i-know-what-the-css-selector-of-my-form-is"", ""How do I know what the CSS selector of my form is?"")","knowledge/how-do-i-know-what-the-css-selector-of-my-form-is","3572911682","https://app.hubspot.com/content/[hubid]/edit-beta/3572911682"
"=hyperlink(""http://leadin.hubspot.com/knowledge/what-happens-if-i-reply-to-a-leadin-submission-notification-email"", ""What happens if I reply to a Leadin submission notification email?"")","knowledge/what-happens-if-i-reply-to-a-leadin-submission-notification-email","3565756048","https://app.hubspot.com/content/[hubid]/edit-beta/3565756048"
"=hyperlink(""http://leadin.hubspot.com/knowledge/how-do-i-clear-my-browser-cookies-if-i-am-experiencing-issues-signing-up"", ""How do I clear my browser cookies if I am experiencing issues signing up?"")","knowledge/how-do-i-clear-my-browser-cookies-if-i-am-experiencing-issues-signing-up","3565808438","https://app.hubspot.com/content/[hubid]/edit-beta/3565808438"
"=hyperlink(""http://leadin.hubspot.com/knowledge/how-do-i-translate-the-leadin-popup-form"", ""How do I translate the Leadin popup form?"")","knowledge/how-do-i-translate-the-leadin-popup-form","3541341041","https://app.hubspot.com/content/[hubid]/edit-beta/3541341041"
"=hyperlink(""http://leadin.hubspot.com/knowledge/whats-new-in-leadin-cloud"", ""What's new in Leadin Cloud?"")","knowledge/whats-new-in-leadin-cloud","3701213970","https://app.hubspot.com/content/[hubid]/edit-beta/3701213970"
"=hyperlink(""http://leadin.hubspot.com/knowledge/how-to-install-leadout"", ""How to install LeadOut"")","knowledge/how-to-install-leadout","3701213975","https://app.hubspot.com/content/[hubid]/edit-beta/3701213975"
"=hyperlink(""http://leadin.hubspot.com/knowledge/how-to-use-the-leadin-dashboard"", ""How to use the Leadin Dashboard"")","knowledge/how-to-use-the-leadin-dashboard","3565808393","https://app.hubspot.com/content/[hubid]/edit-beta/3565808393"
"=hyperlink(""http://leadin.hubspot.com/knowledge/get-to-know-leadin"", ""Get to know Leadin"")","knowledge/get-to-know-leadin","3572911687","https://app.hubspot.com/content/[hubid]/edit-beta/3572911687"
"=hyperlink(""http://leadin.hubspot.com/knowledge/why-did-leadin-flag-my-form-submission"", ""Why did Leadin flag my form submission?"")","knowledge/why-did-leadin-flag-my-form-submission","3661418797","https://app.hubspot.com/content/[hubid]/edit-beta/3661418797"
"=hyperlink(""http://leadin.hubspot.com/knowledge/how-do-i-install-the-leadin-tracking-code-on-my-blogger-website"", ""How do I install the Leadin Tracking Code on my Blogger Website?"")","knowledge/how-do-i-install-the-leadin-tracking-code-on-my-blogger-website","3839194990","https://app.hubspot.com/content/[hubid]/edit-beta/3839194990"
"=hyperlink(""http://leadin.hubspot.com/knowledge/how-do-i-rename-a-form-in-leadin"", ""How do I rename a Form in Leadin?"")","knowledge/how-do-i-rename-a-form-in-leadin","3506180174","https://app.hubspot.com/content/[hubid]/edit-beta/3506180174"
"=hyperlink(""http://leadin.hubspot.com/knowledge/how-do-i-prevent-leadin-from-tracking-wordpress-users"", ""How do I prevent Leadin from tracking WordPress users?"")","knowledge/how-do-i-prevent-leadin-from-tracking-wordpress-users","3710066619","https://app.hubspot.com/content/[hubid]/edit-beta/3710066619"
"=hyperlink(""http://leadin.hubspot.com/knowledge/how-do-i-add-users-to-my-leadin-account"", ""How do I add users to my Leadin account?"")","knowledge/how-do-i-add-users-to-my-leadin-account","3757866226","https://app.hubspot.com/content/[hubid]/edit-beta/3757866226"
"=hyperlink(""http://leadin.hubspot.com/knowledge/how-do-i-install-the-leadin-tracking-code-on-my-weebly-website"", ""How do I install the Leadin tracking code on my Weebly website?"")","knowledge/how-do-i-install-the-leadin-tracking-code-on-my-weebly-website","4019261025","https://app.hubspot.com/content/[hubid]/edit-beta/4019261025"
"=hyperlink(""http://leadin.hubspot.com/knowledge/how-do-i-install-the-leadin-tracking-code-on-my-godaddy-website"", ""How do I install the Leadin tracking code on my GoDaddy website?"")","knowledge/how-do-i-install-the-leadin-tracking-code-on-my-godaddy-website","3960114826","https://app.hubspot.com/content/[hubid]/edit-beta/3960114826"
"=hyperlink(""http://leadin.hubspot.com/knowledge/how-do-i-edit-my-lead-flow"", ""How do I edit my lead flow?"")","knowledge/how-do-i-edit-my-lead-flow","4075976754","https://app.hubspot.com/content/[hubid]/edit-beta/4075976754"
"=hyperlink(""http://leadin.hubspot.com/knowledge/where-do-i-find-my-leadin-token"", ""Where do I find my Leadin Token for WordPress?"")","knowledge/where-do-i-find-my-leadin-token","4147522704","https://app.hubspot.com/content/[hubid]/edit-beta/4147522704"
"=hyperlink(""http://leadin.hubspot.com/knowledge/lead-flows-dashboard"", ""The Lead Flows Dashboard"")","knowledge/lead-flows-dashboard","4218570153","https://app.hubspot.com/content/[hubid]/edit-beta/4218570153"
"=hyperlink(""http://leadin.hubspot.com/knowledge/how-do-i-log-into-leadin"", ""How do I log into Leadin?"")","knowledge/how-do-i-log-into-leadin","4204043171","https://app.hubspot.com/content/[hubid]/edit-beta/4204043171"
"=hyperlink(""http://leadin.hubspot.com/knowledge/add-leadin-to-hubspot"", ""How do I add Leadin to my HubSpot account?"")","knowledge/add-leadin-to-hubspot","4203845731","https://app.hubspot.com/content/[hubid]/edit-beta/4203845731"
"=hyperlink(""http://leadin.hubspot.com/knowledge/wordpress-plugin-tracking-code-only"", ""WordPress plugin - Tracking Code only"")","knowledge/wordpress-plugin-tracking-code-only","4103155024","https://app.hubspot.com/content/[hubid]/edit-beta/4103155024"
"=hyperlink(""http://leadin.hubspot.com/knowledge/how-do-i-install-the-leadin-tracking-code-on-my-shopify-website"", ""How do I install the Leadin tracking code on my Shopify website?"")","knowledge/how-do-i-install-the-leadin-tracking-code-on-my-shopify-website","4372879425","https://app.hubspot.com/content/[hubid]/edit-beta/4372879425"
"=hyperlink(""http://leadin.hubspot.com/knowledge/how-do-i-install-leadin"", ""How do I install Leadin?"")","knowledge/how-do-i-install-leadin","4352255560","https://app.hubspot.com/content/[hubid]/edit-beta/4352255560"
"=hyperlink(""http://leadin.hubspot.com/knowledge/how-do-i-install-the-leadin-tracking-code-on-my-placester-website"", ""How do I install the Leadin tracking code on my Placester website?"")","knowledge/how-do-i-install-the-leadin-tracking-code-on-my-placester-website","4238506523","https://app.hubspot.com/content/[hubid]/edit-beta/4238506523"
"=hyperlink(""http://leadin.hubspot.com/knowledge/how-do-i-change-the-timezone-in-leadin"", ""How do I change the timezone in Leadin?"")","knowledge/how-do-i-change-the-timezone-in-leadin","4249744708","https://app.hubspot.com/content/[hubid]/edit-beta/4249744708"
"=hyperlink(""http://leadin.hubspot.com/knowledge/how-do-i-change-my-website-url-in-leadin"", ""How do I change my website URL in Leadin?"")","knowledge/how-do-i-change-my-website-url-in-leadin","4200507294","https://app.hubspot.com/content/[hubid]/edit-beta/4200507294"
"=hyperlink(""http://leadin.hubspot.com/knowledge/error-two-leadin-tracking-codes"", ""Error running two Leadin tracking codes"")","knowledge/error-two-leadin-tracking-codes","4367818070","https://app.hubspot.com/content/[hubid]/edit-beta/4367818070"
"=hyperlink(""http://leadin.hubspot.com/knowledge/how-do-i-delete-a-leadin-portal"", ""How do I delete my Leadin account?"")","knowledge/how-do-i-delete-a-leadin-portal","4336250686","https://app.hubspot.com/content/[hubid]/edit-beta/4336250686"